Key,Title,Description,Status
2000JJ00,2000,,Definitief
2001JJ00,2001,,Definitief
2002JJ00,2002,,Definitief
2003JJ00,2003,,Definitief
2004JJ00,2004,,Definitief
2005JJ00,2005,,Definitief
2006JJ00,2006,,Definitief
2007JJ00,2007,,Definitief
2008JJ00,2008,,Definitief
2009JJ00,2009,,Definitief
2010JJ00,2010,,Definitief
2011JJ00,2011,,Definitief
2012JJ00,2012,,Definitief
2013JJ00,2013,,Definitief
2014JJ00,2014,,Definitief
2015JJ00,2015,,Definitief
2016JJ00,2016,,Definitief
2017JJ00,2017,,Definitief
2018JJ00,2018,,Definitief
2019JJ00,2019,,Definitief
2020JJ00,2020,,Definitief
2021JJ00,2021,,Definitief
